VehicleID,Count,Volume,TravelDistance,WorkTime,TravelTime,ServiceTime,WaitingTime,TotalCost,FixedCost,VariableCost
VEH_42,19,390.588552275,6287.944486366747,5670.014591160537,4530.014591160536,1140,0,11568.300075460147,250,11318.300075460147
VEH_43,20,382.60680092599995,5803.723634955174,5306.787449773901,4106.787449773901,1200,0,10696.702542919313,250,10446.702542919313
VEH_44,20,418.6464562180001,6226.512236027242,5712.905442173077,4512.905442173077,1200,0,11457.722024849038,250,11207.722024849038
VEH_45,18,420.670343892,6703.96218474555,5904.385107712342,4824.385107712342,1080,0,12317.131932541992,250,12067.131932541992
VEH_46,17,358.19543481700003,7422.84501337359,6215.213411240599,5195.213411240599,1020,0,13611.121024072461,250,13361.121024072461
VEH_47,17,368.13336607599996,6557.876645717697,5613.402281826603,4593.402281826603,1020,0,12054.177962291857,250,11804.177962291857
VEH_48,21,478.24069209199996,6169.460969599558,5685.109931897918,4425.109931897918,1260,0,11355.029745279206,250,11105.029745279206
VEH_49,16,401.4505753850001,6449.02176001946,5454.281692980236,4494.281692980236,960,0,11858.239168035025,250,11608.239168035025
VEH_92,24,398.92001759100003,3810.2525924133824,4830.4950642612,3390.4950642611993,1440,0,7108.454666344089,250,6858.454666344089
VEH_93,22,499.97471134999995,4602.660108486742,5177.340907412538,3857.340907412538,1320,0,8534.788195276135,250,8284.788195276136
VEH_94,24,564.8616689199999,4939.85404355168,5546.329177868734,4106.329177868733,1440,0,9141.737278393024,250,8891.737278393024
VEH_95,27,616.6954067300001,4000.252515227042,5072.032870259821,3452.0328702598204,1620,0,7450.454527408673,250,7200.454527408674
VEH_96,29,628.635809623,4146.8303882295295,5141.107406876149,3401.10740687615,1740,0,7714.2946988131525,250,7464.294698813153
VEH_97,25,705.60133197,5367.596446718639,5860.453070071534,4360.453070071534,1500,0,9911.673604093552,250,9661.673604093552
VEH_98,22,672.37827346,4159.9302008411905,4736.228355328113,3416.228355328113,1320,0,7737.874361514143,250,7487.874361514143
VEH_99,20,528.1472429300001,4968.9832198473905,5157.997403363929,3957.9974033639305,1200,0,9194.169795725305,250,8944.169795725305
VEH_100,23,594.1716454099999,4087.883998714731,4721.61461659478,3341.6146165947803,1380,0,7608.191197686516,250,7358.191197686517
VEH_122,15,308.336502739,5281.8842604814035,4803.258382575624,3903.2583825756237,900,0,9757.391668866527,250,9507.391668866527
VEH_147,17,373.4179460750001,6657.184143643999,5722.552102581507,4702.552102581508,1020,0,12232.931458559198,250,11982.931458559198
VEH_148,11,253.57164470900003,3885.8992163554117,3338.900129249642,2678.900129249642,660,0,7244.618589439741,250,6994.61858943974
VEH_172,19,534.80907434,4497.679069069353,4463.08906044007,3323.0890604400693,1140,0,8345.822324324838,250,8095.822324324838
VEH_173,19,486.21595029699995,4522.893616440854,4447.063593712081,3307.0635937120805,1140,0,8391.20850959354,250,8141.208509593539
VEH_174,19,526.862889194,5374.516862158548,4973.527160843319,3833.5271608433177,1140,0,9924.130351885393,250,9674.130351885391
VEH_175,21,487.961372965,5985.318849161561,5516.041135254603,4256.0411352546025,1260,0,11023.57392849081,250,10773.57392849081
VEH_176,16,398.07280454000005,5180.7372029202525,4652.714254238402,3692.7142542384017,960,0,9575.326965256456,250,9325.326965256456
VEH_1131,16,490.8227896499999,4741.886001943602,4330.755344728897,3370.755344728897,960,0,8785.394803498486,250,8535.394803498486
VEH_1136,13,276.697450524,5375.138932470154,4582.626996941621,3802.6269969416203,780,0,9925.250078446277,250,9675.250078446277
VEH_1141,14,334.636676036,4767.768447556726,4170.689712091003,3330.6897120910025,840,0,8831.983205602108,250,8581.983205602108
VEH_1146,10,257.59739196199996,4081.293094917531,3457.509299449688,2857.509299449689,600,0,7596.327570851556,250,7346.327570851556
VEH_197,25,574.720711256,3182.8386291081056,4595.703475803348,3095.703475803347,1500,0,5979.10953239459,250,5729.10953239459
VEH_198,22,450.22872199399995,4383.998808546483,5273.638058917693,3953.638058917694,1320,0,8141.197855383669,250,7891.197855383669
VEH_199,26,712.5514813480002,3903.9666678688686,5162.5207435096945,3602.520743509695,1560,0,7277.1400021639665,250,7027.1400021639665
VEH_200,24,582.8999439699999,4274.08369986896,5108.916194938368,3668.916194938368,1440,0,7943.350659764132,250,7693.350659764131
VEH_201,25,514.8901698389999,3858.5555790548087,4952.9331998585585,3452.9331998585585,1500,0,7195.400042298656,250,6945.400042298656
VEH_192,24,661.1137932720002,4981.728560184498,5695.298933552852,4255.298933552853,1440,0,7672.592840276746,200,7472.592840276746
VEH_193,19,521.037163832,3077.1115718060714,4075.7686031752246,2935.7686031752246,1140,0,4815.667357709107,200,4615.667357709106
VEH_194,20,528.1982693489999,2979.594931685365,3867.554068143897,2667.554068143897,1200,0,4669.392397528048,200,4469.392397528048
VEH_195,17,423.392868604,2426.570002119162,3363.365996973533,2343.365996973533,1020,0,3839.8550031787436,200,3639.8550031787436
VEH_196,10,262.16240706,2189.527770239757,2481.144206965206,1881.144206965206,600,0,3484.291655359636,200,3284.291655359636
VEH_222,16,409.962608763,6436.8702738046,5440.799655890219,4480.799655890219,960,0,11836.366492848287,250,11586.366492848287
VEH_247,16,318.75977464999994,4847.660513156633,4448.108145929147,3488.108145929147,960,0,8975.788923681941,250,8725.788923681941
VEH_312,21,468.86044111399997,5070.535314493473,5340.930911825674,4080.930911825675,1260,0,9376.963566088249,250,9126.963566088249
VEH_313,21,478.640814364,5824.559040338535,5797.7616717904075,4537.7616717904075,1260,0,10734.206272609363,250,10484.206272609363
VEH_314,17,442.59706392199996,5603.25051360561,5384.5417660602,4364.541766060199,1020,0,10335.8509244901,250,10085.8509244901
VEH_315,15,377.40822707,5175.582080368474,5004.545954593505,4104.545954593504,900,0,9566.047744663252,250,9316.04774466325
VEH_316,17,441.75292333,5157.808151869602,5112.216209776334,4092.2162097763335,1020,0,9534.054673365286,250,9284.054673365286
VEH_317,18,469.59684253200004,5569.427902016658,5603.888746155733,4523.888746155733,1080,0,10274.970223629985,250,10024.970223629985
VEH_318,19,497.11531111,5762.573979531603,5509.062948477465,4369.062948477465,1140,0,10622.633163156886,250,10372.633163156886
VEH_319,18,402.29706554200004,5416.048487194598,5344.921076360868,4264.921076360868,1080,0,9998.887276950278,250,9748.887276950278
VEH_320,19,505.63567209000007,6170.753901611761,5795.025432840306,4655.025432840306,1140,0,11357.357022901166,250,11107.357022901168
VEH_321,21,503.04300634000003,6140.33886683667,6117.137729914479,4857.137729914478,1260,0,11302.609960306005,250,11052.609960306005
VEH_347,32,848.999628511,4389.52111678039,5686.476976925902,3766.476976925902,1920,0,8151.138010204702,250,7901.138010204702
VEH_348,27,783.6834037600001,4197.023705338434,5162.090430521004,3542.0904305210047,1620,0,7804.642669609183,250,7554.642669609183
VEH_349,26,669.65558475,2518.621009041338,3931.977894755981,2371.9778947559817,1560,0,4783.5178162744105,250,4533.5178162744105
VEH_350,22,558.880371805,2637.38102482794,3660.4061108346086,2340.4061108346086,1320,0,4997.285844690293,250,4747.285844690293
VEH_351,18,445.28891399300005,2792.99338866545,3492.699758135951,2412.699758135951,1080,0,5277.388099597811,250,5027.388099597812
VEH_392,18,373.73984767700006,5703.212090715802,5212.686542107579,4132.686542107579,1080,0,10515.781763288445,250,10265.781763288445
VEH_393,19,497.85539958999993,6173.630197360534,5602.693147787653,4462.693147787653,1140,0,11362.53435524896,250,11112.53435524896
VEH_394,24,476.32310226699997,6181.075930945507,6055.598215497739,4615.598215497739,1440,0,11375.936675701912,250,11125.936675701912
VEH_395,25,546.6992190639999,5550.088960527745,5498.426891387242,3998.4268913872415,1500,0,10240.16012894994,250,9990.16012894994
VEH_396,22,494.629438785,5815.756109937878,5576.951689261461,4256.951689261462,1320,0,10718.36099788818,250,10468.36099788818
VEH_397,22,631.6834041100001,5127.946660316661,5108.538376048023,3788.5383760480236,1320,0,9480.303988569989,250,9230.303988569989
VEH_398,23,558.914748999,4762.52119926245,4834.065486751533,3454.065486751534,1380,0,8822.538158672414,250,8572.538158672414
VEH_399,21,552.54269584,4583.764491353903,4594.57569526665,3334.57569526665,1260,0,8500.776084437026,250,8250.776084437026
VEH_400,17,458.83816998000003,3553.5201479137013,3659.736919092147,2639.7369190921468,1020,0,6646.336266244662,250,6396.336266244662
VEH_462,27,624.415712976,3520.7438474830956,5120.419302006517,3500.4193020065163,1620,0,6587.33892546957,250,6337.33892546957
VEH_463,27,726.7565425580001,4245.335008615178,5723.502706352729,4103.50270635273,1620,0,7891.6030155073195,250,7641.6030155073195
VEH_464,24,673.0889871920001,5305.03633469343,6212.532086150334,4772.532086150336,1440,0,9799.065402448177,250,9549.065402448177
VEH_465,28,718.9376421699999,4884.524923044053,6084.2450888359435,4404.245088835945,1680,0,9042.144861479297,250,8792.144861479297
VEH_466,25,590.545305339,4598.8408139206385,5688.444899944193,4188.444899944195,1500,0,8527.91346505715,250,8277.91346505715
VEH_547,27,615.542332229,6288.2899958226635,6322.655271865967,4702.655271865967,1620,0,11568.921992480795,250,11318.921992480795
VEH_548,24,495.26234155300006,5579.4038380061465,5686.271615898547,4246.271615898547,1440,0,10292.926908411064,250,10042.926908411064
VEH_549,25,644.6604835379998,5642.145248435736,5737.797922156993,4237.797922156992,1500,0,10405.861447184325,250,10155.861447184325
VEH_550,21,515.375799068,5848.490897087913,5532.480598626409,4272.480598626409,1260,0,10777.28361475824,250,10527.283614758242
VEH_551,23,453.81043971199995,5182.888669426057,5232.977838476461,3852.977838476463,1380,0,9579.1996049669,250,9329.1996049669
VEH_612,29,699.8717473959999,2219.9782498377417,3880.115386351867,2140.115386351867,1740,0,4245.960849707935,250,3995.9608497079353
VEH_613,27,670.5752658429999,2167.350090045405,3820.289871917676,2200.289871917675,1620,0,4151.230162081732,250,3901.230162081732
VEH_614,30,636.157962576,2483.1757033519852,4340.809516234707,2540.809516234707,1800,0,4719.716266033576,250,4469.716266033576
VEH_615,26,611.421678776,3271.2524676122853,4703.057397494988,3143.057397494989,1560,0,6138.254441702114,250,5888.2544417021145
VEH_616,29,702.304944166,3334.88248379132,4828.045384209753,3088.045384209753,1740,0,6252.788470824376,250,6002.788470824376
VEH_617,25,725.7397093779999,3803.2294447377362,4796.788579962349,3296.7885799623486,1500,0,7095.813000527927,250,6845.813000527927
VEH_618,24,581.687950567,3942.585787339523,4809.352561629012,3369.3525616290112,1440,0,7346.654417211143,250,7096.654417211143
VEH_619,24,612.9904220569998,2341.354991620544,3716.616025498748,2276.616025498748,1440,0,4464.438984916979,250,4214.438984916979
VEH_620,14,332.44591141800004,2246.2573805012394,2762.5683807266732,1922.5683807266737,840,0,4293.26328490223,250,4043.2632849022307
VEH_621,10,328.82060792000004,1083.8424775025028,1571.100809744516,971.100809744516,600,0,2200.916459504506,250,1950.9164595045054
VEH_647,18,363.97388415,5232.682165683923,5393.149109294086,4313.149109294085,1080,0,9668.827898231062,250,9418.827898231062
VEH_648,13,321.12795826,4295.285913520802,4407.203012377315,3627.203012377314,780,0,7981.514644337445,250,7731.514644337445
VEH_649,14,373.67417729999994,4097.974339676476,4177.688464150747,3337.6884641507463,840,0,7626.353811417657,250,7376.353811417657
VEH_672,23,480.8500011270001,6009.422436987276,5926.44295842948,4546.442958429479,1380,0,11066.960386577095,250,10816.960386577095
VEH_673,23,416.3393410619999,6124.585824023667,5908.827866752462,4528.827866752462,1380,0,11274.254483242601,250,11024.254483242601
VEH_674,17,353.83524695,5523.501168003635,5144.396627278208,4124.396627278209,1020,0,10192.302102406542,250,9942.302102406542
VEH_675,14,328.4736646,5414.750642592827,4870.816177801086,4030.8161778010854,840,0,9996.551156667088,250,9746.551156667088
VEH_676,14,319.08231484,4650.105518797062,4336.839690495822,3496.839690495822,840,0,8620.189933834712,250,8370.189933834712
VEH_667,14,397.7628538,4227.88749493915,4035.128636065245,3195.1286360652452,840,0,6541.831242408724,200,6341.831242408724
VEH_697,14,388.93546951,6137.0335373090875,5482.237146945682,4642.237146945682,840,0,11296.660367156357,250,11046.660367156357
VEH_698,16,390.30496805,5562.396284084423,5267.019145615285,4307.019145615285,960,0,10262.313311351962,250,10012.313311351962
VEH_699,17,399.35336701,6052.330709854766,5809.969624360068,4789.969624360068,1020,0,11144.19527773858,250,10894.19527773858
VEH_700,16,378.34609355,5248.188668034296,5094.0785212607425,4134.078521260743,960,0,9696.73960246173,250,9446.73960246173
VEH_701,15,356.1102813,4498.561894275537,4412.723607929802,3512.723607929802,900,0,8347.411409695966,250,8097.411409695965
VEH_692,12,288.212020308,4323.561992480079,4084.233330970418,3364.233330970418,720,0,6685.34298872012,200,6485.34298872012
VEH_693,11,261.008365265,3592.7392515614647,3448.2242150572033,2788.2242150572033,660,0,5589.108877342196,200,5389.108877342197
VEH_694,11,228.354593031,3911.9923951684787,3671.12514748759,3011.125147487589,660,0,6067.9885927527175,200,5867.9885927527175
VEH_767,20,363.96837967299996,7228.289881848054,6209.291061780675,5009.291061780676,1200,0,13260.9217873265,250,13010.9217873265
VEH_768,20,418.49278875,6541.572125412486,5886.233170250517,4686.233170250519,1200,0,12024.829825742476,250,11774.829825742476
VEH_769,19,493.08258686299996,6846.296367313197,5989.4906966436465,4849.490696643647,1140,0,12573.333461163757,250,12323.333461163757
VEH_770,21,528.90383205,7096.669964204186,6113.098289036525,4853.098289036527,1260,0,13024.005935567537,250,12774.005935567537
VEH_771,22,486.3167444249999,6593.913494492796,6005.956274962922,4685.956274962922,1320,0,12119.044290087033,250,11869.044290087033
VEH_772,22,468.14303412900006,6060.417820489325,5778.331516010154,4458.331516010155,1320,0,11158.752076880788,250,10908.752076880788
VEH_773,17,379.1572535789999,6523.430646847551,5688.25462807926,4668.25462807926,1020,0,11992.17516432559,250,11742.17516432559
VEH_797,11,337.21936657,4388.93248945352,3760.480680101189,3100.480680101189,660,0,8150.078481016337,250,7900.078481016337
VEH_798,12,285.153072899,4455.489888387666,3841.4757546493634,3121.4757546493634,720,0,8269.8817990978,250,8019.881799097801
VEH_847,18,392.6764405799999,4326.147671542312,5122.691999029273,4042.6919990292727,1080,0,8037.065808776159,250,7787.06580877616
VEH_848,14,264.271765322,3416.3885555543657,3914.4847142534977,3074.4847142534977,840,0,6399.499399997857,250,6149.499399997857
VEH_849,11,197.73244753799995,3051.5096349414557,3484.7994742853457,2824.7994742853457,660,0,5742.71734289462,250,5492.71734289462
VEH_872,19,412.00196883800004,4514.212282736549,4694.527986140254,3554.5279861402546,1140,0,8375.582108925788,250,8125.582108925789
VEH_922,33,811.6249585900001,3272.917336882974,4948.678095664465,2968.6780956644648,1980,0,6141.251206389353,250,5891.251206389353
VEH_923,32,826.2846357629999,3227.7834520516517,4857.18822394919,2937.1882239491906,1920,0,6060.010213692974,250,5810.010213692974
VEH_924,36,866.82253102,3332.5563460337553,5192.199353055228,3032.199353055229,2160,0,6248.601422860763,250,5998.601422860763
VEH_925,30,804.9970114979999,3424.732187352399,4935.243405082572,3135.2434050825727,1800,0,6414.517937234321,250,6164.517937234321
VEH_926,30,731.543859411,3472.756370705526,4931.853296323505,3131.853296323505,1800,0,6500.96146726995,250,6250.96146726995
VEH_917,20,535.962756388,3149.2648695395833,3943.4622881556043,2743.4622881556043,1200,0,4923.897304309374,200,4723.897304309375
VEH_947,21,537.1771376300001,4252.403907119747,4722.7011665718765,3462.7011665718783,1260,0,7904.327032815545,250,7654.327032815545
VEH_948,21,491.6870670409999,3517.9102112944292,4215.311371008555,2955.311371008556,1260,0,6582.238380329973,250,6332.238380329972
VEH_949,16,351.785811815,3413.1811637705773,3791.490785109427,2831.490785109427,960,0,6393.726094787041,250,6143.726094787041
VEH_1012,22,543.8158667500002,4064.1163093413293,4856.4326888534615,3536.432688853463,1320,0,7565.4093568143935,250,7315.4093568143935
VEH_1013,22,485.5586530299999,5347.12178642687,5810.425182439724,4490.425182439725,1320,0,9874.819215568366,250,9624.819215568366
VEH_1014,21,408.397094462,5035.794213426928,5536.7537605745065,4276.7537605745065,1260,0,9314.429584168469,250,9064.429584168469
VEH_1015,20,434.452074531,5316.886006711802,5709.546430476823,4509.546430476823,1200,0,9820.394812081244,250,9570.394812081244
VEH_1016,19,404.7128340600001,5393.830700464404,5747.028566321257,4607.028566321257,1140,0,9958.895260835927,250,9708.895260835927
VEH_1017,21,462.93353709099995,5949.136899205362,6185.807419040622,4925.807419040621,1260,0,10958.446418569654,250,10708.446418569654
VEH_1018,22,480.0883682390001,4773.064228415811,5476.631369440007,4156.631369440006,1320,0,8841.51561114846,250,8591.515611148461
VEH_1019,23,587.2951458379999,4922.273327332237,5719.053352564159,4339.0533525641595,1380,0,9110.091989198028,250,8860.091989198028
VEH_1020,16,345.03963144400007,5631.379668228399,5470.0935488169125,4510.093548816913,960,0,10386.483402811118,250,10136.483402811118
VEH_1047,12,237.82309594100002,5926.84423132678,4791.998725007595,4071.998725007595,720,0,10918.319616388204,250,10668.319616388204
VEH_1072,17,436.82973756,4888.464141242347,5016.621829696536,3996.6218296965353,1020,0,9049.235454236225,250,8799.235454236225
VEH_1122,9,227.28582813000003,2112.413158088827,2317.03557803735,1777.03557803735,540,0,4052.343684559888,250,3802.343684559888
VEH_1151,13,291.63711653,3790.542309589978,3478.5113521477074,2698.511352147707,780,0,7072.976157261959,250,6822.976157261959
VEH_167,11,267.687560411,3347.8935858317755,3025.790268907455,2365.790268907455,660,0,5221.8403787476645,200,5021.8403787476645
VEH_168,13,393.205193454,3284.4593608785735,3319.7843847791055,2539.7843847791055,780,0,5126.689041317862,200,4926.689041317862
VEH_187,5,71.00295679,1700.3454898948294,1621.7019322689664,1321.7019322689664,300,0,2190.414587873795,150,2040.414587873795
VEH_248,13,288.478185639,3447.8445742534395,3352.0862950449164,2572.0862950449155,780,0,6456.120233656193,250,6206.120233656193
VEH_249,9,176.9697229,3300.636569077321,3037.8922925078928,2497.8922925078923,540,0,6191.145824339178,250,5941.145824339178
VEH_467,23,632.58624278,3895.332353535124,4975.939564546367,3595.9395645463683,1380,0,7261.598236363224,250,7011.598236363223
VEH_468,20,525.9965651399999,3051.282777665371,3994.3357192232816,2794.335719223281,1200,0,5742.308999797668,250,5492.308999797668
VEH_469,17,384.08754781999994,2837.072101831734,3618.8193562556903,2598.8193562556903,1020,0,5356.729783297121,250,5106.729783297121
VEH_470,12,270.96543313,2427.2287343259254,2912.6781265570457,2192.6781265570453,720,0,4619.0117217866655,250,4369.0117217866655
VEH_471,4,116.56576521000001,1299.5789345279088,1391.1835837917306,1151.1835837917306,240,0,2589.2420821502355,250,2339.2420821502355
VEH_472,3,102.68309110999999,937.8122567881767,991.5105463551828,811.5105463551827,180,0,1938.062062218718,250,1688.062062218718
VEH_542,19,459.60243869000004,5647.723988846409,5264.001396519442,4124.001396519444,1140,0,8671.585983269613,200,8471.585983269613
VEH_543,20,541.56103664,5701.47181475829,5305.760348761556,4105.760348761557,1200,0,8752.207722137435,200,8552.207722137437
VEH_544,23,550.39870268,5895.353314193121,5637.2345434575545,4257.2345434575545,1380,0,9043.029971289681,200,8843.029971289681
VEH_650,18,422.35251435,2870.5737185975454,3670.282606438317,2590.282606438317,1080,0,5417.03269347558,250,5167.032693475581
VEH_668,13,219.77498956600002,3592.66111587481,3462.4429177683855,2682.442917768386,780,0,5588.991673812216,200,5388.991673812216
VEH_774,13,199.161597566,5727.57245488709,4706.814937814956,3926.814937814957,780,0,10559.630418796762,250,10309.630418796762
VEH_775,15,336.94768559999994,4862.471314544858,4474.560613693461,3574.560613693462,900,0,9002.448366180743,250,8752.448366180743
VEH_776,13,281.9761915329999,4081.784566023721,3970.059333894369,3190.059333894369,780,0,7597.212218842697,250,7347.212218842697
VEH_799,8,182.27182468499996,3455.676803794103,2965.709847844837,2485.709847844837,480,0,6470.218246829384,250,6220.218246829384
VEH_800,6,168.19153969,2430.5663380977076,2097.4436537822444,1737.4436537822444,360,0,4625.019408575874,250,4375.019408575874
VEH_822,7,158.79988681,3012.3345268248704,2535.0384139885323,2115.0384139885323,420,0,5672.202148284768,250,5422.202148284768
VEH_873,12,284.00143646,4514.17524734873,3971.3388222786216,3251.3388222786216,720,0,8375.515445227715,250,8125.515445227714
VEH_1048,10,249.14854113,5203.864663042002,4191.376479026986,3591.376479026987,600,0,9616.956393475602,250,9366.956393475602
VEH_1123,4,76.22791613999999,1183.986585435292,1252.568489405702,1012.5684894057019,240,0,2381.175853783526,250,2131.175853783526
VEH_101,13,311.35081549999995,2005.7337822296454,2441.16259456073,1661.1625945607302,780,0,3860.3208080133627,250,3610.3208080133627
VEH_82,7,177.7586202,1287.9800711100443,1470.9515339337024,1050.9515339337024,420,0,2131.970106665067,200,1931.9701066650664
VEH_322,17,447.16561148599993,4494.817239426142,4494.9023948636805,3474.90239486368,1020,0,8340.671030967056,250,8090.671030967056
VEH_323,14,314.45570123000005,4529.3715736312,4262.389723661933,3422.3897236619327,840,0,8402.86883253616,250,8152.868832536161
VEH_324,13,347.80687938999995,3011.0748087984207,3164.0752549988247,2384.0752549988247,780,0,5669.934655837157,250,5419.934655837157
VEH_325,7,158.83589777999998,2392.872632176925,2257.6576205053548,1837.657620505355,420,0,4557.170737918465,250,4307.170737918465
VEH_651,11,222.65068814699998,2711.188724414206,3072.0288119826555,2412.0288119826564,660,0,5130.139703945571,250,4880.139703945571
VEH_669,11,227.18463684,3309.588162879538,3250.2534382168087,2590.2534382168087,660,0,5164.382244319307,200,4964.382244319307
VEH_695,8,186.94759067,3276.0469086990706,3089.745363177274,2609.745363177274,480,0,5114.070363048607,200,4914.070363048606
VEH_696,9,195.81420368099998,3601.4969661581863,3318.466421190125,2778.466421190125,540,0,5602.245449237281,200,5402.245449237281
VEH_687,7,206.43442621000003,3659.41265925193,3172.0787136630893,2752.0787136630893,420,0,4541.295191102316,150,4391.295191102316
VEH_688,7,130.75508648800002,3763.5394914261587,3285.7906109036903,2865.7906109036903,420,0,4666.2473897113905,150,4516.2473897113905
VEH_722,14,263.540245563,5911.543774469434,5192.488554799152,4352.488554799152,840,0,10890.77879404498,250,10640.77879404498
VEH_801,5,89.926853429,1542.5324401424673,1393.9267045942104,1093.9267045942104,300,0,3026.5583922564415,250,2776.5583922564415
VEH_918,10,284.26429943,2554.66495174357,2637.2926799684283,2037.292679968429,600,0,4031.9974276153557,200,3831.9974276153557
VEH_919,6,138.57987558,1270.11404047375,1384.1218580164482,1024.1218580164482,360,0,2105.171060710625,200,1905.1710607106252
VEH_920,3,56.25331069,1369.3115552538993,1181.8419484350768,1001.8419484350768,180,0,2253.9673328808485,200,2053.9673328808485
VEH_1021,17,442.9348269800001,4798.54911461543,5005.127361685638,3985.1273616856392,1020,0,8887.388406307775,250,8637.388406307775
VEH_1049,7,193.95953725,3044.4831296466687,2540.7116276888105,2120.7116276888105,420,0,5730.069633364003,250,5480.069633364003
VEH_1073,12,277.028144875,3771.265844231226,3754.361750737022,3034.361750737022,720,0,7038.278519616207,250,6788.278519616207
VEH_1074,14,309.176288984,2928.7316837102408,3320.7290489034795,2480.7290489034795,840,0,5521.717030678433,250,5271.717030678433
VEH_50,13,315.67134180799997,5660.811959921694,4742.126949247286,3962.1269492472857,780,0,10439.461527859052,250,10189.461527859052
VEH_149,9,277.58223501000003,2773.155803064096,2455.3834143533613,1915.383414353361,540,0,5241.680445515373,250,4991.680445515373
VEH_150,7,156.46869744,1429.2914998695073,1416.3167393360525,996.3167393360526,420,0,2822.7246997651137,250,2572.7246997651137
VEH_401,13,306.4759973,3980.812482111972,3753.4983233278185,2973.4983233278185,780,0,7415.462467801549,250,7165.462467801549
VEH_897,11,201.48734053000004,4341.171768663102,3763.5381430693415,3103.5381430693415,660,0,8064.109183593583,250,7814.109183593583
VEH_898,13,275.597156574,4828.412115934541,4136.452416910121,3356.4524169101214,780,0,8941.141808682174,250,8691.141808682174
VEH_1022,12,310.52717119,3357.9301968751315,3538.028280763759,2818.028280763759,720,0,6294.274354375236,250,6044.274354375236
VEH_1050,5,168.11777611,2943.642022128279,2312.065607649725,2012.0656076497248,300,0,5548.555639830902,250,5298.555639830902
VEH_123,11,184.712975971,3817.307285427913,3408.2677335443204,2748.2677335443204,660,0,7121.153113770244,250,6871.153113770244
VEH_250,8,155.77653367599999,2611.177073604574,2417.6926020207466,1937.6926020207466,480,0,4950.118732488235,250,4700.118732488234
VEH_251,5,138.3350937,1590.9836628381272,1473.6946873983634,1173.6946873983632,300,0,3113.7705931086293,250,2863.7705931086293
VEH_342,16,390.61603591999994,1386.0225733453296,2317.473830524645,1357.4738305246449,960,0,2279.0338600179953,200,2079.0338600179953
VEH_343,15,355.14934382999996,783.1891303281523,1839.170218490033,939.1702184900327,900,0,1374.7836954922282,200,1174.7836954922282
VEH_473,2,66.79851308,755.0937715680255,750.441226690981,630.441226690981,120,0,1609.168788822446,250,1359.168788822446
VEH_497,11,287.15619324,4179.653539120423,3555.7437397865924,2895.743739786591,660,0,7773.3763704167595,250,7523.3763704167595
VEH_498,8,191.88630310899998,2429.0216864075105,2242.557764915181,1762.557764915181,480,0,4622.23903553352,250,4372.23903553352
VEH_499,7,198.43647045500003,1897.3915476941477,1818.9129749395138,1398.9129749395138,420,0,3665.3047858494665,250,3415.3047858494665
VEH_545,12,215.338905756,4316.565113197002,3850.0013152807496,3130.0013152807496,720,0,6674.847669795503,200,6474.847669795502
VEH_642,12,183.174593466,2419.9681306790726,2701.004475000159,1981.0044750001584,720,0,3829.9521960186084,200,3629.9521960186084
VEH_643,9,199.528369417,2841.4550286587164,2950.7374621891295,2410.7374621891295,540,0,4462.182542988074,200,4262.182542988075
VEH_670,10,281.15391797,1860.812605643275,2135.4504145868,1535.4504145868,600,0,2991.2189084649117,200,2791.2189084649117
VEH_689,7,164.27085748,2703.918412529715,2548.1389531249893,2128.1389531249893,420,0,3394.702095035658,150,3244.702095035658
VEH_723,11,235.854236662,5505.187900348755,4552.558519229498,3892.5585192294975,660,0,10159.338220627758,250,9909.338220627758
VEH_724,12,282.62031588,4974.070351463122,4407.964878854324,3687.9648788543236,720,0,9203.32663263362,250,8953.32663263362
VEH_725,13,225.60746157499997,3636.2012403290737,3598.5740094615167,2818.5740094615167,780,0,6795.162232592333,250,6545.162232592333
VEH_726,8,199.06039361999999,2250.6974947358212,2255.70931635216,1775.70931635216,480,0,4301.255490524479,250,4051.2554905244783
VEH_850,10,169.74384833,2250.3355483924547,2789.204390198504,2189.204390198504,600,0,4300.6039871064195,250,4050.6039871064186
VEH_851,11,176.49220483,2361.4847677619077,2847.344341906556,2187.344341906556,660,0,4500.672581971434,250,4250.672581971434
VEH_842,10,210.45456622,1962.3320473116135,2510.4495927259622,1910.4495927259627,600,0,3143.4980709674205,200,2943.4980709674205
VEH_843,6,139.14760413599998,1276.7436607638167,1556.5464079526025,1196.5464079526025,360,0,2115.115491145725,200,1915.1154911457252
VEH_844,5,116.61265739,1634.0780461922734,1690.181240005473,1390.1812400054728,300,0,2651.1170692884098,200,2451.1170692884098
VEH_874,10,229.43891001999998,3420.4462293216257,3221.4940812338946,2621.494081233895,600,0,6406.803212778926,250,6156.803212778926
VEH_875,11,208.314657331,3284.541422762784,3203.8111724200094,2543.8111724200094,660,0,6162.1745609730115,250,5912.1745609730115
VEH_876,9,290.06016697999996,1995.2321158498885,2159.956022178364,1619.956022178364,540,0,3841.4178085297995,250,3591.4178085297995
VEH_899,8,219.42658355800003,3666.9349135840985,3045.336973560069,2565.336973560069,480,0,6850.482844451376,250,6600.482844451376
VEH_900,8,179.26638458000002,3303.410728274708,2785.694223992533,2305.6942239925334,480,0,6196.139310894475,250,5946.139310894475
VEH_901,6,153.70586642,3095.006637437512,2491.901591150827,2131.901591150827,360,0,5821.011947387522,250,5571.011947387522
VEH_892,6,187.58333498000002,3491.3570705199645,2799.523206898751,2439.5232068987507,360,0,5437.035605779945,200,5237.035605779945
VEH_950,15,287.930119311,3406.0644946596826,3661.5152324498304,2761.51523244983,900,0,6380.916090387428,250,6130.916090387428
VEH_951,12,190.60223032500002,3189.0698575321935,3298.246913062866,2578.2469130628665,720,0,5990.325743557947,250,5740.325743557947
VEH_942,9,147.762220234,3415.982981454689,3094.725063433393,2554.725063433393,540,0,5323.974472182033,200,5123.974472182034
VEH_943,9,175.39142197999996,3686.369789630364,3259.18739214068,2719.18739214068,540,0,5729.554684445547,200,5529.554684445547
VEH_944,11,228.756889978,3215.444722229227,3296.5533098630835,2636.553309863083,660,0,5023.16708334384,200,4823.16708334384
VEH_945,10,137.904089761,3039.2560187030417,2954.1489835904254,2354.1489835904254,600,0,4758.884028054562,200,4558.884028054562
VEH_946,10,191.131027362,2943.241146228696,2953.4538585631,2353.4538585631,600,0,4614.861719343044,200,4414.861719343044
VEH_1023,9,208.01150416500002,2696.046773070509,2724.064540308796,2184.064540308796,540,0,5102.884191526917,250,4852.884191526917
VEH_1075,10,246.602996604,2543.8456470545743,2732.409255793088,2132.409255793088,600,0,4828.922164698233,250,4578.922164698233
VEH_1076,9,168.728447248,2671.3471319081123,2721.4096108342114,2181.4096108342114,540,0,5058.424837434602,250,4808.424837434602
VEH_1067,9,248.89608903000004,2457.721221932955,2612.0192841074395,2072.0192841074395,540,0,3886.5818328994324,200,3686.5818328994324
VEH_1068,5,169.14220441999998,1033.9239049358791,1235.4601148436018,935.4601148436016,300,0,1750.8858574038188,200,1550.8858574038188
VEH_1069,7,175.59945990399999,966.0028249295267,1297.7991402478347,877.7991402478344,420,0,1649.00423739429,200,1449.0042373942897
VEH_51,15,333.21478634000005,5244.100494151401,4599.776326041069,3699.7763260410693,900,0,9689.38088947252,250,9439.38088947252
VEH_32,11,263.402122437,4925.811407197314,4054.827262636619,3394.827262636619,660,0,7588.717110795971,200,7388.717110795971
VEH_169,12,349.57158938,2927.522511044366,3149.094511876541,2429.094511876541,720,0,4591.283766566548,200,4391.283766566548
VEH_170,11,300.95333852,2028.1218452968803,2332.2976204092456,1672.2976204092458,660,0,3242.182767945321,200,3042.1827679453204
VEH_171,6,157.05461037000003,1559.8074060439828,1530.875381445177,1170.875381445177,360,0,2539.7111090659746,200,2339.7111090659746
VEH_223,7,156.926413975,3148.79029074015,2586.311790462687,2166.3117904626874,420,0,5917.822523332271,250,5667.822523332271
VEH_242,3,104.12896486,879.8532463223539,828.667082849083,648.667082849083,180,0,1519.7798694835308,200,1319.7798694835308
VEH_243,1,11.61805624,57.79731681927972,127.85830836502294,67.85830836502294,60,0,286.69597522891956,200,86.69597522891958
VEH_244,1,25.43341507,484.5456225618767,420.49591659243595,360.49591659243595,60,0,926.818433842815,200,726.818433842815
VEH_344,9,241.11330471,1040.7410146886812,1524.4153832021802,984.4153832021801,540,0,1761.111522033022,200,1561.1115220330216
VEH_345,3,79.04552436,401.72747125934416,565.7239532457204,385.72395324572034,180,0,802.5912068890162,200,602.5912068890162
VEH_522,9,248.78599237,2612.57820894339,2542.7288016526377,2002.7288016526372,540,0,4952.640776098102,250,4702.640776098102
VEH_523,5,100.652426844,1012.6909319146645,1089.3558277246284,789.3558277246284,300,0,2072.843677446396,250,1822.8436774463962
VEH_546,12,206.24189005000002,4278.421536757299,3807.8898809416073,3087.8898809416073,720,0,6617.632305135949,200,6417.632305135949
VEH_537,11,232.20864799,2724.9386770641595,2742.481750627333,2082.481750627333,660,0,3419.9264124769916,150,3269.9264124769916
VEH_622,2,44.286544320000004,152.28292728621952,278.0358874800188,158.0358874800188,120,0,524.1092691151952,250,274.10926911519516
VEH_644,7,98.75004246300001,2103.1952078599165,2130.8925562203317,1710.8925562203317,420,0,3354.7928117898755,200,3154.7928117898755
VEH_645,7,109.32931461299998,1891.0035898400924,2029.7525687873192,1609.7525687873192,420,0,3036.5053847601393,200,2836.505384760139
VEH_671,7,184.13203858,921.7775821848807,1226.1803943050636,806.1803943050637,420,0,1582.666373277321,200,1382.6663732773216
VEH_690,6,136.23215014,2946.5142134430075,2649.197231287684,2289.1972312876837,360,0,3685.817056131609,150,3535.817056131609
VEH_691,5,112.91635684,3030.3394728631665,2651.5084300866106,2351.5084300866106,300,0,3786.4073674358,150,3636.4073674358
VEH_682,6,139.37619056999998,2049.795483709123,2035.731368830631,1675.731368830631,360,0,2159.795483709123,110,2049.795483709123
VEH_683,5,99.46128238700001,1289.8868194257336,1374.71854384122,1074.71854384122,300,0,1399.8868194257336,110,1289.8868194257336
VEH_684,2,33.411971486,963.0251530902134,810.7718210386302,690.7718210386302,120,0,1073.0251530902133,110,963.0251530902134
VEH_717,8,168.79009167699996,3611.7965108939775,3008.794828062204,2528.794828062204,480,0,5617.694766340966,200,5417.694766340966
VEH_718,9,201.69790161000003,1688.7045127738475,1913.3351567234536,1373.3351567234536,540,0,2733.0567691607707,200,2533.0567691607707
VEH_719,5,101.785009548,2289.68200248621,1927.80970691838,1627.80970691838,300,0,3634.5230037293154,200,3434.5230037293154
VEH_720,8,197.105521688,1454.3054418801626,1630.2043370347028,1150.2043370347028,480,0,2381.4581628202436,200,2181.4581628202436
VEH_721,4,106.3343953,901.4778213904872,1002.4830630286253,762.4830630286253,240,0,1552.2167320857304,200,1352.2167320857304
VEH_757,11,240.151402183,3613.081960023344,3276.04939801625,2616.0493980162496,660,0,5619.622940035017,200,5419.622940035017
VEH_758,8,203.79019532,3114.33599785111,2773.4764989451214,2293.4764989451214,480,0,4871.503996776665,200,4671.503996776665
VEH_867,3,91.84432281,495.2984318346175,611.1248073043904,431.1248073043904,180,0,942.9476477519262,200,742.9476477519262
VEH_868,2,72.06658716999999,283.7382059143764,382.6332776696854,262.6332776696854,120,0,625.6073088715646,200,425.6073088715646
VEH_1097,10,243.10005173000002,3254.197277331785,3055.3656569103337,2455.365656910333,600,0,6107.555099197213,250,5857.555099197213
VEH_33,11,283.07967979000006,4143.0395720714505,3558.568769413891,2898.5687694138905,660,0,6414.559358107177,200,6214.559358107177
VEH_34,9,228.67936738999998,4431.660231812316,3635.608718653086,3095.608718653086,540,0,6847.490347718473,200,6647.490347718473
VEH_124,8,151.84167915,2702.255785077084,2503.3957494084375,2023.3957494084375,480,0,5114.060413138751,250,4864.060413138751
VEH_125,3,33.577107840000004,1325.967857573388,1082.272964374356,902.272964374356,180,0,2636.7421436320988,250,2386.7421436320988
VEH_1130,5,140.86450987,2156.6431620764306,1950.5337888523222,1650.5337888523222,300,0,3434.964743114646,200,3234.964743114646
VEH_224,5,37.476443183,1748.2495783433374,1487.8516564178854,1187.8516564178854,300,0,3396.849241018007,250,3146.849241018007
VEH_500,3,57.968663199999995,1314.2221532091032,1108.374771337418,928.374771337418,180,0,2615.599875776386,250,2365.599875776386
VEH_501,3,83.18995860000001,875.2787747772724,822.5894282525036,642.5894282525036,180,0,1825.5017945990903,250,1575.5017945990903
VEH_646,8,170.889250849,2126.4223056668156,2199.9190258664894,1719.9190258664894,480,0,3389.6334585002232,200,3189.6334585002232
VEH_823,7,150.99455916,3021.0637268196424,2538.4026308255125,2118.4026308255125,420,0,5687.914708275357,250,5437.914708275357
VEH_1070,2,58.0654333,292.84375732902924,409.3892842728426,289.3892842728426,120,0,639.2656359935438,200,439.26563599354387
VEH_1071,2,48.83956743,526.7371889359827,563.7152138385705,443.71521383857055,120,0,990.1057834039739,200,790.1057834039739
VEH_326,3,92.99553036,659.934919777282,743.679960724003,563.679960724003,180,0,1437.8828555991076,250,1187.8828555991076
VEH_685,1,13.44719642,580.9819101985702,503.5734946383009,443.5734946383009,60,0,690.9819101985702,110,580.9819101985702
VEH_759,5,112.696327117,1813.9246522803749,1634.8166134192961,1334.8166134192961,300,0,2920.886978420562,200,2720.886978420562
VEH_869,1,16.8215475,141.8691029571882,191.3166388348427,131.3166388348427,60,0,412.8036544357823,200,212.8036544357823
VEH_937,6,115.77102555,2192.637776233295,2043.8224464881746,1683.8224464881746,360,0,2781.1653314799537,150,2631.1653314799537
VEH_938,5,106.95370476000001,2079.5384072183324,1750.0135832284718,1450.0135832284718,300,0,2645.446088661999,150,2495.446088661999
VEH_1062,1,26.20802611,146.42187866451462,204.6946421364213,144.6946421364213,60,0,325.7062543974175,150,175.70625439741755
VEH_35,9,277.89161893000005,3846.76522661825,3261.018389278277,2721.018389278277,540,0,5970.147839927374,200,5770.147839927374
VEH_36,7,144.88301671,2891.6036678386977,2491.184593834801,2071.184593834801,420,0,4537.405501758047,200,4337.405501758047
VEH_151,3,54.84554302,873.0087237354392,773.320654007639,593.320654007639,180,0,1821.4157027237904,250,1571.4157027237904
VEH_382,10,259.05330632,2897.1543551474197,2672.010381824115,2072.010381824115,600,0,4545.73153272113,200,4345.73153272113
VEH_538,2,43.30087735,957.5991212191558,798.9758570059462,678.9758570059462,120,0,1299.118945462987,150,1149.118945462987
VEH_637,3,59.798125403,976.08593840938,1029.7482854947966,849.7482854947967,180,0,1321.303126091256,150,1171.303126091256
VEH_638,3,48.025643349999996,1602.284403548308,1314.533298247011,1134.533298247011,180,0,2072.7412842579697,150,1922.7412842579697
VEH_662,4,108.39388161,1208.796416350852,1143.6594343839263,903.6594343839263,240,0,1600.5556996210223,150,1450.5556996210223
VEH_712,2,40.26287155,634.3704149127595,606.096523470894,486.09652347089394,120,0,911.2444978953114,150,761.2444978953114
VEH_713,2,44.79018834,928.3548983048174,773.7978152252116,653.7978152252116,120,0,1264.0258779657809,150,1114.0258779657809
VEH_760,4,92.88920969,1420.1074971432174,1265.9447387619296,1025.9447387619296,240,0,2330.161245714826,200,2130.161245714826
VEH_792,1,26.05721769,598.018111998889,491.98101633263116,431.98101633263116,60,0,1097.0271679983334,200,897.0271679983335
VEH_793,2,60.77930232,951.877338546285,800.5593147944132,680.5593147944132,120,0,1627.8160078194276,200,1427.8160078194276
VEH_893,6,159.81857968,2752.8590732202147,2278.955410697884,1918.9554106978837,360,0,4329.288609830322,200,4129.288609830322
VEH_894,6,144.14970696,2393.0024219660913,2047.4259584753859,1687.4259584753856,360,0,3789.5036329491368,200,3589.5036329491368
VEH_895,7,158.29385462,2794.863068516438,2387.5837278303443,1967.583727830344,420,0,4392.294602774657,200,4192.294602774657
VEH_896,5,123.74611013,2794.863068516438,2267.5837278303443,1967.583727830344,300,0,4392.294602774657,200,4192.294602774657
VEH_383,11,231.05703031999997,1632.528802371838,1965.5763670987983,1305.5763670987983,660,0,2648.793203557757,200,2448.793203557757
VEH_384,6,147.82243784,1560.6115875850212,1483.9558531051791,1123.955853105179,360,0,2540.917381377532,200,2340.917381377532
VEH_845,3,76.13980641,781.711194391866,887.1679370092306,707.1679370092306,180,0,1372.5667915877991,200,1172.5667915877991
VEH_887,5,103.39952428999999,2752.8590732202147,2218.955410697884,1918.9554106978837,300,0,3453.4308878642573,150,3303.4308878642573
VEH_888,4,95.12308503,2096.1473013873283,1715.6877958727582,1475.687795872758,240,0,2665.3767616647942,150,2515.3767616647942
VEH_889,4,72.04634558000001,1397.431534258219,1223.7918639151721,983.791863915172,240,0,1826.9178411098628,150,1676.9178411098628
VEH_890,2,17.488912380000002,1355.4275389619957,1055.1635467827118,935.1635467827116,120,0,1776.5130467543945,150,1626.5130467543945
VEH_939,1,13.44107645,585.7858677468844,452.1817153884948,392.1817153884948,60,0,852.9430412962612,150,702.9430412962612
VEH_1024,6,128.6208448,2521.138989948646,2410.5917862571914,2050.5917862571914,360,0,4788.0501819075635,250,4538.050181907564
VEH_1025,5,75.735240917,857.1431037590545,1010.6575530801315,710.6575530801315,300,0,1792.857586766298,250,1542.857586766298
VEH_1051,3,58.73903348,1989.3272440948997,1499.9574243314846,1319.9574243314846,180,0,3830.7890393708194,250,3580.7890393708194
VEH_1042,2,41.85807175,1289.4682988473676,992.1463703542323,872.1463703542323,120,0,2134.2024482710513,200,1934.2024482710515
VEH_37,6,165.49017694000003,2415.007833715903,2018.2302106163406,1658.2302106163406,360,0,3822.511750573855,200,3622.511750573855
VEH_142,1,26.33598614,177.19848156397234,180.6800302381809,120.6800302381809,60,0,465.7977223459585,200,265.7977223459585
VEH_492,2,47.73673401,601.2954537898568,550.5017146805793,430.5017146805793,120,0,1101.9431806847851,200,901.9431806847851
VEH_493,1,26.22967761,351.5399371240458,298.44180792563907,238.44180792563904,60,0,727.3099056860688,200,527.3099056860688
VEH_524,1,29.29548089,205.43440429271214,234.56852173668327,174.56852173668327,60,0,619.7819277268818,250,369.78192772688186
VEH_126,2,36.36865605,648.8176131848143,562.1343436969573,442.1343436969573,120,0,1417.8717037326655,250,1167.8717037326658
VEH_117,1,13.39380178,377.0990972520315,332.6418120495033,272.6418120495033,60,0,765.6486458780473,200,565.6486458780473
VEH_714,1,5.0,143.196130562079,173.33225596402133,113.33225596402133,60,0,321.8353566744948,150,171.8353566744948
VEH_824,2,65.19641495,1324.5879154193863,1017.3466898295626,897.3466898295626,120,0,2634.2582477548954,250,2384.2582477548954
VEH_83,2,42.37067035,859.9095703132854,755.9387105578896,635.9387105578896,120,0,1489.8643554699283,200,1289.8643554699283
VEH_1098,2,39.68450527,1107.087762411458,888.0167985213304,768.0167985213304,120,0,2242.7579723406243,250,1992.7579723406245
VEH_38,3,59.845711957999995,1591.8784010402815,1307.1944362480613,1127.1944362480613,180,0,2587.817601560422,200,2387.817601560422
VEH_84,1,19.14667142,85.49002326372852,164.8547225694217,104.85472256942171,60,0,328.2350348955928,200,128.23503489559278
VEH_85,1,34.64482495,581.2926114494423,467.6664623134477,407.6664623134477,60,0,1071.9389171741636,200,871.9389171741635
VEH_346,1,25.9710823,335.52445760539973,329.2741339166113,269.2741339166113,60,0,703.2866864080996,200,503.2866864080996
VEH_663,3,61.213984780000004,682.7512104467319,715.6858283965106,535.6858283965106,180,0,969.3014525360784,150,819.3014525360783
VEH_921,1,21.20797337,492.785244924837,413.86527893483196,353.86527893483196,60,0,939.1778673872554,200,739.1778673872554
VEH_385,3,91.60148932,1356.327538962847,1137.2081569621566,957.2081569621566,180,0,2234.4913084442705,200,2034.4913084442705
VEH_639,1,29.55688694,142.88516056742608,166.4739421548382,106.4739421548382,60,0,321.4621926809113,150,171.4621926809113
VEH_664,1,24.38316642,169.9389845039612,194.4050264597168,134.4050264597168,60,0,353.92678140475346,150,203.92678140475343
VEH_825,1,16.46160116,619.4457289819641,490.5438259508906,430.5438259508906,60,0,1365.0023121675354,250,1115.0023121675354
VEH_912,1,31.57243647,707.7230209415686,572.1691573381776,512.1691573381776,60,0,999.2676251298823,150,849.2676251298823
VEH_913,1,10.06986427,123.68634830498408,205.69910023550568,145.69910023550568,60,0,298.4236179659809,150,148.4236179659809
VEH_914,1,22.96945812,77.12917148456866,157.04790199842225,97.04790199842225,60,0,242.5550057814824,150,92.5550057814824
VEH_386,2,53.489446740000005,817.121314589966,681.4322853416415,561.4322853416415,120,0,1425.6819718849488,200,1225.681971884949
VEH_1135,1,6.96173834,526.7380282975541,409.85711986498603,349.85711986498603,60,0,990.1070424463312,200,790.1070424463312
VEH_761,1,35.4536023,667.1420843651389,528.1787631690479,468.1787631690479,60,0,1200.7131265477083,200,1000.7131265477083
VEH_1026,2,34.56343898,1081.7936164355579,928.2092540197167,808.2092540197167,120,0,2197.228509584004,250,1947.228509584004
VEH_997,2,62.15320575,1531.2088122936393,1219.4931610035587,1099.4931610035587,120,0,2496.813218440459,200,2296.813218440459
VEH_998,1,28.69636557,35.834573747657785,110.01895220634252,50.01895220634252,60,0,253.75186062148668,200,53.75186062148668
